eventtime,text,score,positive
2018-05-10T15:00:04.0000000Z,Writing a list of random sentences is harder than I initially thought it would be.,0.511272072792053,1
2018-05-10T15:00:04.0000000Z,I would have gotten the promotion  but my attendance wasn’t good enough.,0.239927500486374,0
2018-05-10T15:00:04.0000000Z,Should we start class now  or should we wait for everyone to get here?,0.871265470981598,1
2018-05-10T15:00:04.0000000Z,I'd rather be a bird than a fish.,0.550095558166504,1
2018-05-10T15:00:04.0000000Z,It was getting dark  and we weren’t there yet.,0.269425868988037,0
2018-05-10T15:00:12.0000000Z,Cats are good pets  for they are clean and are not noisy.,0.443135887384415,0
2018-05-10T15:00:12.0000000Z,Cats are good pets  for they are clean and are not noisy.,0.443135887384415,0
2018-05-10T15:00:12.0000000Z,Italy is my favorite country; in fact  I plan to spend two weeks there next year.,0.53655332326889,1
2018-05-10T15:00:12.0000000Z,She works two jobs to make ends meet; at least  that was her reason for not having time to join us.,0.623293161392212,1
2018-05-10T15:00:12.0000000Z,I love eating toasted cheese and tuna sandwiches.,0.823119521141052,1
2018-05-10T15:00:20.0000000Z,She was too short to see over the fence.,0.620316922664642,1
2018-05-10T15:00:20.0000000Z,This is the last random sentence I will be writing and I am going to stop mid-sent,0.329458266496658,0
2018-05-10T15:00:20.0000000Z,I'd rather be a bird than a fish.,0.550095558166504,1
2018-05-10T15:00:28.0000000Z,I was very proud of my nickname throughout high school but today- I couldn’t be any different to what my nickname was.,0.0635617896914482,0
2018-05-10T15:00:28.0000000Z,He ran out of money  so he had to stop playing poker.,0.348839044570923,0
2018-05-10T15:00:36.0000000Z,The waves were crashing on the shore; it was a lovely sight.,0.598840415477753,1
2018-05-10T15:00:36.0000000Z,I really want to go to work  but I am too sick to drive.,0.0794685706496239,0
2018-05-10T15:00:43.0000000Z,If I don’t like something  I’ll stay away from it.,0.261072367429733,0
2018-05-10T15:00:43.0000000Z,Where do random thoughts come from?,0.754632532596588,1
2018-05-10T15:00:43.0000000Z,Where do random thoughts come from?,0.754632532596588,1
2018-05-10T15:00:43.0000000Z,My Mum tries to be cool by saying that she likes all the same things that I do.,0.354688555002213,0
2018-05-10T15:00:51.0000000Z,Yeah  I think it's a good environment for learning English.,0.868014514446259,1
2018-05-10T15:00:51.0000000Z,The stranger officiates the meal.,0.469129383563995,0
2018-05-10T15:00:51.0000000Z,If Purple People Eaters are real… where do they find purple people to eat?,0.530922114849091,1
2018-05-10T15:00:51.0000000Z,If Purple People Eaters are real… where do they find purple people to eat?,0.530922114849091,1
2018-05-10T15:00:59.0000000Z,I am never at home on Sundays.,0.493391662836075,0
2018-05-10T15:00:59.0000000Z,The book is in front of the table.,0.327574819326401,0
2018-05-10T15:00:59.0000000Z,I love eating toasted cheese and tuna sandwiches.,0.823119521141052,1
2018-05-10T15:01:07.0000000Z,Joe made the sugar cookies; Susan decorated them.,0.571888148784637,1
2018-05-10T15:01:07.0000000Z,Sometimes  all you need to do is completely make an ass of yourself and laugh it off to realise that life isn’t so bad after all.,0.321306318044662,0
2018-05-10T15:01:07.0000000Z,She was too short to see over the fence.,0.620316922664642,1
2018-05-10T15:01:15.0000000Z,Lets all be unique together until we realise we are all the same.,0.66665655374527,1
2018-05-10T15:01:23.0000000Z,They got there early  and they got really good seats.,0.622872948646545,1
2018-05-10T15:01:23.0000000Z,How was the math test?,0.620277583599091,1
2018-05-10T15:01:23.0000000Z,My Mum tries to be cool by saying that she likes all the same things that I do.,0.354688555002213,0
2018-05-10T15:01:30.0000000Z,I think I will buy the red car  or I will lease the blue one.,0.599408626556396,1
2018-05-10T15:01:30.0000000Z,He said he was not there yesterday; however  many people saw him there.,0.280966967344284,0
2018-05-10T15:01:30.0000000Z,He didn’t want to go to the dentist  yet he went anyway.,0.0924108698964119,0
2018-05-10T15:01:30.0000000Z,Italy is my favorite country; in fact  I plan to spend two weeks there next year.,0.53655332326889,1
2018-05-10T15:01:30.0000000Z,Mary plays the piano.,0.642938494682312,1
2018-05-10T15:01:30.0000000Z,Please wait outside of the house.,0.494184643030167,0
2018-05-10T15:01:30.0000000Z,The body may perhaps compensates for the loss of a true metaphysics.,0.762458980083466,1
2018-05-10T15:01:30.0000000Z,I would have gotten the promotion  but my attendance wasn’t good enough.,0.239927500486374,0
2018-05-10T15:01:30.0000000Z,If I don’t like something  I’ll stay away from it.,0.261072367429733,0
2018-05-10T15:01:30.0000000Z,Sometimes  all you need to do is completely make an ass of yourself and laugh it off to realise that life isn’t so bad after all.,0.321306318044662,0
2018-05-10T15:01:30.0000000Z,I want to buy a onesie… but know it won’t suit me.,0.139309942722321,0
2018-05-10T15:01:30.0000000Z,Tom got a small piece of pie.,0.582013189792633,1
2018-05-10T15:01:30.0000000Z,The book is in front of the table.,0.327574819326401,0
2018-05-10T15:01:30.0000000Z,It was getting dark  and we weren’t there yet.,0.269425868988037,0
2018-05-10T15:01:30.0000000Z,Mary plays the piano.,0.642938494682312,1
2018-05-10T15:01:30.0000000Z,He told us a very exciting adventure story.,0.673478662967682,1
2018-05-10T15:01:30.0000000Z,I am counting my calories  yet I really want dessert.,0.251336187124252,0
2018-05-10T15:01:30.0000000Z,Let me help you with your baggage.,0.759980201721191,1
2018-05-10T15:01:30.0000000Z,I am never at home on Sundays.,0.493391662836075,0
2018-05-10T15:01:30.0000000Z,I would have gotten the promotion  but my attendance wasn’t good enough.,0.239927500486374,0
2018-05-10T15:01:30.0000000Z,Hurry!,0.608350276947021,1
2018-05-10T15:01:30.0000000Z,If the Easter Bunny and the Tooth Fairy had babies would they take your teeth and leave chocolate for you?,0.806218326091766,1
2018-05-10T15:01:30.0000000Z,He said he was not there yesterday; however  many people saw him there.,0.280966967344284,0
2018-05-10T15:01:30.0000000Z,She did her best to help him.,0.453782856464386,0
2018-05-10T15:01:30.0000000Z,Let me help you with your baggage.,0.759980201721191,1
2018-05-10T15:01:30.0000000Z,I want more detailed information.,0.449643105268478,0
2018-05-10T15:01:30.0000000Z,Sometimes  all you need to do is completely make an ass of yourself and laugh it off to realise that life isn’t so bad after all.,0.321306318044662,0
2018-05-10T15:01:30.0000000Z,She only paints with bold colors; she does not like pastels.,0.400799542665482,0
2018-05-10T15:01:30.0000000Z,Wednesday is hump day  but has anyone asked the camel if he’s happy about it?,0.452780336141586,0
2018-05-10T15:01:30.0000000Z,Yeah  I think it's a good environment for learning English.,0.868014514446259,1
2018-05-10T15:01:38.0000000Z,She was too short to see over the fence.,0.620316922664642,1
2018-05-10T15:01:38.0000000Z,She folded her handkerchief neatly.,0.59976065158844,1
2018-05-10T15:01:46.0000000Z,Check back tomorrow; I will see if the book has arrived.,0.537563383579254,1
2018-05-10T15:01:46.0000000Z,There was no ice cream in the freezer  nor did they have money to go to the store.,0.260768830776215,0
2018-05-10T15:01:54.0000000Z,A glittering gem is not enough.,0.219496577978134,0
2018-05-10T15:01:54.0000000Z,We have a lot of rain in June.,0.737600803375244,1
2018-05-10T15:01:54.0000000Z,Sometimes  all you need to do is completely make an ass of yourself and laugh it off to realise that life isn’t so bad after all.,0.321306318044662,0
2018-05-10T15:01:54.0000000Z,If the Easter Bunny and the Tooth Fairy had babies would they take your teeth and leave chocolate for you?,0.806218326091766,1
2018-05-10T15:02:02.0000000Z,If you like tuna and tomato sauce- try combining the two. It’s really not as bad as it sounds.,0.739004552364349,1
2018-05-10T15:02:02.0000000Z,I am never at home on Sundays.,0.493391662836075,0
2018-05-10T15:02:02.0000000Z,The body may perhaps compensates for the loss of a true metaphysics.,0.762458980083466,1
2018-05-10T15:02:02.0000000Z,The stranger officiates the meal.,0.469129383563995,0
2018-05-10T15:02:10.0000000Z,She only paints with bold colors; she does not like pastels.,0.400799542665482,0
2018-05-10T15:02:10.0000000Z,Malls are great places to shop; I can find everything I need under one roof.,0.459212124347687,0
2018-05-10T15:02:10.0000000Z,Wow  does that work?,0.537921845912933,1
2018-05-10T15:02:17.0000000Z,I want to buy a onesie… but know it won’t suit me.,0.139309942722321,0
2018-05-10T15:10:45.0000000Z,There was no ice cream in the freezer  nor did they have money to go to the store.,0.260768830776215,0
2018-05-10T15:10:45.0000000Z,She did not cheat on the test  for it was not the right thing to do.,0.110903330147266,0
2018-05-10T15:10:45.0000000Z,There were white out conditions in the town; subsequently  the roads were impassable.,0.466928690671921,0
2018-05-10T15:10:45.0000000Z,The stranger officiates the meal.,0.469129383563995,0
2018-05-10T15:10:45.0000000Z,We need to rent a room for our party.,0.672475397586823,1
2018-05-10T15:10:52.0000000Z,I currently have 4 windows open up… and I don’t know why.,0.245959401130676,0
2018-05-10T15:10:52.0000000Z,She borrowed the book from him many years ago and hasn't yet returned it.,0.239292219281197,0
2018-05-10T15:11:00.0000000Z,This is the last random sentence I will be writing and I am going to stop mid-sent,0.329458266496658,0
2018-05-10T15:11:00.0000000Z,Two seats were vacant.,0.603329300880432,1
2018-05-10T15:11:00.0000000Z,The lake is a long way from here.,0.704519152641296,1
2018-05-10T15:11:00.0000000Z,He told us a very exciting adventure story.,0.673478662967682,1
2018-05-10T15:11:00.0000000Z,If the Easter Bunny and the Tooth Fairy had babies would they take your teeth and leave chocolate for you?,0.806218326091766,1
2018-05-10T15:11:08.0000000Z,There were white out conditions in the town; subsequently  the roads were impassable.,0.466928690671921,0
2018-05-10T15:11:08.0000000Z,Hurry!,0.608350276947021,1
2018-05-10T15:11:08.0000000Z,The book is in front of the table.,0.327574819326401,0
2018-05-10T15:11:16.0000000Z,She advised him to come back at once.,0.408563643693924,0
2018-05-10T15:11:16.0000000Z,What was the person thinking when they discovered cow’s milk was fine for human consumption… and why did they do it in the first place!?,0.469866305589676,0
2018-05-10T15:11:24.0000000Z,Let me help you with your baggage.,0.759980201721191,1
2018-05-10T15:11:24.0000000Z,Rock music approaches at high velocity.,0.642054557800293,1
2018-05-10T15:11:32.0000000Z,We have a lot of rain in June.,0.737600803375244,1
2018-05-10T15:11:39.0000000Z,Should we start class now  or should we wait for everyone to get here?,0.871265470981598,1
2018-05-10T15:11:39.0000000Z,She advised him to come back at once.,0.408563643693924,0
2018-05-10T15:11:39.0000000Z,I'd rather be a bird than a fish.,0.550095558166504,1
2018-05-10T15:11:39.0000000Z,Two seats were vacant.,0.603329300880432,1
2018-05-10T15:11:47.0000000Z,The lake is a long way from here.,0.704519152641296,1
2018-05-10T15:11:47.0000000Z,If I don’t like something  I’ll stay away from it.,0.261072367429733,0
2018-05-10T15:11:47.0000000Z,We need to rent a room for our party.,0.672475397586823,1
2018-05-10T15:11:55.0000000Z,Hurry!,0.608350276947021,1
2018-05-10T15:11:55.0000000Z,I am happy to take your donation; any amount will be greatly appreciated.,0.8839470744133,1
2018-05-10T15:11:55.0000000Z,We need to rent a room for our party.,0.672475397586823,1
2018-05-10T15:11:55.0000000Z,Hurry!,0.608350276947021,1
2018-05-10T15:11:55.0000000Z,I will never be this young again. Ever. Oh damn… I just got older.,0.348203063011169,0
2018-05-10T15:12:03.0000000Z,He told us a very exciting adventure story.,0.673478662967682,1
2018-05-10T15:12:03.0000000Z,I think I will buy the red car  or I will lease the blue one.,0.599408626556396,1
2018-05-10T15:12:03.0000000Z,Where do random thoughts come from?,0.754632532596588,1
2018-05-10T15:12:03.0000000Z,He told us a very exciting adventure story.,0.673478662967682,1
2018-05-10T15:12:03.0000000Z,A song can make or ruin a person’s day if they let it get to them.,0.859660625457764,1
2018-05-10T15:12:11.0000000Z,Writing a list of random sentences is harder than I initially thought it would be.,0.511272072792053,1
2018-05-10T15:12:11.0000000Z,I would have gotten the promotion  but my attendance wasn’t good enough.,0.239927500486374,0
2018-05-10T15:12:11.0000000Z,If Purple People Eaters are real… where do they find purple people to eat?,0.530922114849091,1
2018-05-10T15:12:11.0000000Z,There were white out conditions in the town; subsequently  the roads were impassable.,0.466928690671921,0
2018-05-10T15:12:19.0000000Z,Joe made the sugar cookies; Susan decorated them.,0.571888148784637,1
2018-05-10T15:12:19.0000000Z,Two seats were vacant.,0.603329300880432,1
2018-05-10T15:12:26.0000000Z,Someone I know recently combined Maple Syrup & buttered Popcorn thinking it would taste like caramel popcorn. It didn’t and they don’t recommend anyone else do it either.,0.420225322246552,0
2018-05-10T15:12:26.0000000Z,Italy is my favorite country; in fact  I plan to spend two weeks there next year.,0.53655332326889,1
2018-05-10T15:12:34.0000000Z,I hear that Nancy is very pretty.,0.612603485584259,1
2018-05-10T15:12:34.0000000Z,What was the person thinking when they discovered cow’s milk was fine for human consumption… and why did they do it in the first place!?,0.469866305589676,0
2018-05-10T15:12:34.0000000Z,She was too short to see over the fence.,0.620316922664642,1
2018-05-10T15:12:34.0000000Z,Sometimes it is better to just walk away from things and go back to them later when you’re in a better frame of mind.,0.75115031003952,1
2018-05-10T15:12:34.0000000Z,She works two jobs to make ends meet; at least  that was her reason for not having time to join us.,0.623293161392212,1
2018-05-10T15:12:34.0000000Z,Check back tomorrow; I will see if the book has arrived.,0.537563383579254,1
2018-05-10T15:12:34.0000000Z,Two seats were vacant.,0.603329300880432,1
2018-05-10T15:12:34.0000000Z,Last Friday in three week’s time I saw a spotted striped blue worm shake hands with a legless lizard.,0.699149549007416,1
2018-05-10T15:12:34.0000000Z,The quick brown fox jumps over the lazy dog.,0.421199798583984,0
2018-05-10T15:12:34.0000000Z,The quick brown fox jumps over the lazy dog.,0.421199798583984,0
2018-05-10T15:12:34.0000000Z,The mysterious diary records the voice.,0.831309616565704,1
2018-05-10T15:12:34.0000000Z,Two seats were vacant.,0.603329300880432,1
2018-05-10T15:12:34.0000000Z,Lets all be unique together until we realise we are all the same.,0.66665655374527,1
2018-05-10T15:12:34.0000000Z,Writing a list of random sentences is harder than I initially thought it would be.,0.511272072792053,1
2018-05-10T15:12:34.0000000Z,Sometimes it is better to just walk away from things and go back to them later when you’re in a better frame of mind.,0.75115031003952,1
2018-05-10T15:12:34.0000000Z,Don't step on the broken glass.,0.351412057876587,0
2018-05-10T15:12:34.0000000Z,Malls are great places to shop; I can find everything I need under one roof.,0.459212124347687,0
2018-05-10T15:12:34.0000000Z,Someone I know recently combined Maple Syrup & buttered Popcorn thinking it would taste like caramel popcorn. It didn’t and they don’t recommend anyone else do it either.,0.420225322246552,0
2018-05-10T15:12:34.0000000Z,I think I will buy the red car  or I will lease the blue one.,0.599408626556396,1
2018-05-10T15:12:34.0000000Z,How was the math test?,0.620277583599091,1
2018-05-10T15:12:34.0000000Z,She wrote him a long letter  but he didn't read it.,0.220408365130425,0
2018-05-10T15:12:34.0000000Z,This is a Japanese doll.,0.66346150636673,1
2018-05-10T15:12:34.0000000Z,Wednesday is hump day  but has anyone asked the camel if he’s happy about it?,0.452780336141586,0
2018-05-10T15:12:34.0000000Z,Malls are great places to shop; I can find everything I need under one roof.,0.459212124347687,0
2018-05-10T15:12:34.0000000Z,A purple pig and a green donkey flew a kite in the middle of the night and ended up sunburnt.,0.615324676036835,1
2018-05-10T15:12:34.0000000Z,Check back tomorrow; I will see if the book has arrived.,0.537563383579254,1
2018-05-10T15:12:34.0000000Z,A song can make or ruin a person’s day if they let it get to them.,0.859660625457764,1
2018-05-10T15:12:34.0000000Z,Two seats were vacant.,0.603329300880432,1
2018-05-10T15:12:34.0000000Z,Sometimes  all you need to do is completely make an ass of yourself and laugh it off to realise that life isn’t so bad after all.,0.321306318044662,0
2018-05-10T15:12:34.0000000Z,I think I will buy the red car  or I will lease the blue one.,0.599408626556396,1
2018-05-10T15:12:34.0000000Z,He ran out of money  so he had to stop playing poker.,0.348839044570923,0
2018-05-10T15:12:34.0000000Z,If you like tuna and tomato sauce- try combining the two. It’s really not as bad as it sounds.,0.739004552364349,1
2018-05-10T15:12:34.0000000Z,I am happy to take your donation; any amount will be greatly appreciated.,0.8839470744133,1
2018-05-10T15:12:34.0000000Z,She did her best to help him.,0.453782856464386,0
2018-05-10T15:12:34.0000000Z,I really want to go to work  but I am too sick to drive.,0.0794685706496239,0
2018-05-10T15:12:34.0000000Z,Is it free?,0.610590040683746,1
2018-05-10T15:12:34.0000000Z,Last Friday in three week’s time I saw a spotted striped blue worm shake hands with a legless lizard.,0.699149549007416,1
2018-05-10T15:12:34.0000000Z,If Purple People Eaters are real… where do they find purple people to eat?,0.530922114849091,1
2018-05-10T15:12:34.0000000Z,I am never at home on Sundays.,0.493391662836075,0
2018-05-10T15:12:34.0000000Z,The mysterious diary records the voice.,0.831309616565704,1
2018-05-10T15:12:34.0000000Z,Someone I know recently combined Maple Syrup & buttered Popcorn thinking it would taste like caramel popcorn. It didn’t and they don’t recommend anyone else do it either.,0.420225322246552,0
2018-05-10T15:12:34.0000000Z,The body may perhaps compensates for the loss of a true metaphysics.,0.762458980083466,1
2018-05-10T15:12:34.0000000Z,We need to rent a room for our party.,0.672475397586823,1
2018-05-10T15:12:34.0000000Z,I currently have 4 windows open up… and I don’t know why.,0.245959401130676,0
2018-05-10T15:12:34.0000000Z,She was too short to see over the fence.,0.620316922664642,1
2018-05-10T15:12:34.0000000Z,Christmas is coming.,0.497868001461029,0
2018-05-10T15:12:34.0000000Z,I want to buy a onesie… but know it won’t suit me.,0.139309942722321,0
2018-05-10T15:12:34.0000000Z,A glittering gem is not enough.,0.219496577978134,0
2018-05-10T15:12:34.0000000Z,Sometimes it is better to just walk away from things and go back to them later when you’re in a better frame of mind.,0.75115031003952,1
2018-05-10T15:12:34.0000000Z,This is a Japanese doll.,0.66346150636673,1
2018-05-10T15:12:34.0000000Z,If I don’t like something  I’ll stay away from it.,0.261072367429733,0
2018-05-10T15:12:34.0000000Z,She always speaks to him in a loud voice.,0.637288868427277,1
2018-05-10T15:12:34.0000000Z,We have never been to Asia  nor have we visited Africa.,0.35586878657341,0
2018-05-10T15:12:34.0000000Z,I checked to make sure that he was still alive.,0.34035137295723,0
2018-05-10T15:12:34.0000000Z,Sixty-Four comes asking for bread.,0.697516083717346,1
2018-05-10T15:12:34.0000000Z,How was the math test?,0.620277583599091,1
2018-05-10T15:12:34.0000000Z,He ran out of money  so he had to stop playing poker.,0.348839044570923,0
2018-05-10T15:12:34.0000000Z,She wrote him a long letter  but he didn't read it.,0.220408365130425,0
2018-05-10T15:12:34.0000000Z,He said he was not there yesterday; however  many people saw him there.,0.280966967344284,0
2018-05-10T15:12:34.0000000Z,I love eating toasted cheese and tuna sandwiches.,0.823119521141052,1
2018-05-10T15:12:42.0000000Z,The body may perhaps compensates for the loss of a true metaphysics.,0.762458980083466,1
2018-05-10T15:12:42.0000000Z,The book is in front of the table.,0.327574819326401,0
2018-05-10T15:12:42.0000000Z,I hear that Nancy is very pretty.,0.612603485584259,1
2018-05-10T15:12:42.0000000Z,We need to rent a room for our party.,0.672475397586823,1
