﻿{
  "CompresssionType": "None",
  "Sample": null,
  "EventHubProperties": null,
  "BlobStorageProperties": {
    "Container": "blobin",
    "DateFormat": "yyyy/MM/dd",
    "PathPattern": "{date}/{time}",
    "SourcePartitionCount": 1,
    "StorageAccounts": [
      {
        "AccountKey": null,
        "AccountName": "streammldemo"
      }
    ],
    "TimeFormat": "HH"
  },
  "IoTHubProperties": null,
  "BlobReferenceProperties": null,
  "DataSourceCredentialDomain": null,
  "Name": "blobin",
  "Type": "Data Stream",
  "DataSourceType": "Blob Storage",
  "Serialization": {
    "Encoding": "UTF8",
    "Type": "Csv",
    "FieldDelimiter": ",",
    "Format": null
  },
  "ScriptType": "Input"
}