﻿{
  "URL": "https://ussouthcentral.services.azureml.net/workspaces/a5a7464aea6f4481871bc36c163da1f8/services/dafeb3df97b94ccb8f936a883c69a8a8/execute?api-version=2.0&details=true",
  "Key": null,
  "BatchSize": 1000,
  "CredentialDomain": null,
  "MLInputs": {
    "ColumnNames": [
      {
        "DataType": "date-time",
        "MapTo": 0,
        "Name": "eventtime"
      },
      {
        "DataType": "int32",
        "MapTo": 1,
        "Name": "numberofevents"
      }
    ],
    "Name": "input1"
  },
  "MLOutputs": [
    {
      "DataType": "int32",
      "Name": "numberofevents"
    },
    {
      "DataType": "double",
      "Name": "Scored Labels"
    },
    {
      "DataType": "double",
      "Name": "Scored Probabilities"
    }
  ],
  "Name": "anomalysv",
  "OutputType": "record",
  "Type": "Scalar",
  "FunctionInputs": [
    {
      "DataType": "datetime",
      "IsConfigurationParameter": null
    },
    {
      "DataType": "bigint",
      "IsConfigurationParameter": null
    }
  ],
  "ScriptType": "MLFunction"
}