﻿{
  "URL": "https://ussouthcentral.services.azureml.net/workspaces/4587584403704f4ebcc9f84452df41bf/services/1b613a8e209748fbad35a59dafde2030/execute?api-version=2.0&details=true",
  "Key": null,
  "BatchSize": 1000,
  "CredentialDomain": null,
  "MLInputs": {
    "ColumnNames": [
      {
        "DataType": "string",
        "MapTo": 0,
        "Name": "tweet_text"
      }
    ],
    "Name": "input1"
  },
  "MLOutputs": [
    {
      "DataType": "string",
      "Name": "Sentiment"
    },
    {
      "DataType": "double",
      "Name": "Score"
    }
  ],
  "Name": "sentiment",
  "OutputType": "record",
  "Type": "Scalar",
  "FunctionInputs": [
    {
      "DataType": "nvarchar(max)",
      "IsConfigurationParameter": null
    }
  ],
  "ScriptType": "MLFunction"
}