﻿{
  "EventHubProperties": null,
  "BlobStorageProperties": {
    "Container": "blobsentimentout",
    "DateFormat": "yyyy/MM/dd",
    "PathPattern": "{date}/{time}",
    "StorageAccounts": [
      {
        "AccountKey": null,
        "AccountName": "streammldemo"
      }
    ],
    "TimeFormat": "HH"
  },
  "SQLDatabaseProperties": null,
  "TableStorageProperties": null,
  "ServiceBusQueueProperties": null,
  "ServiceBusTopicProperties": null,
  "DocumentDbProperties": null,
  "PowellBIProperties": null,
  "AzureDataLakeStoreProperties": null,
  "AzureFunctionProperties": null,
  "DataSourceCredentialDomain": null,
  "Name": "blobsentimentout",
  "DataSourceType": "Blob Storage",
  "Serialization": {
    "Encoding": "UTF8",
    "Type": "Csv",
    "FieldDelimiter": ",",
    "Format": null
  },
  "ScriptType": "Output"
}