﻿{
  "EventHubProperties": null,
  "BlobStorageProperties": null,
  "SQLDatabaseProperties": null,
  "TableStorageProperties": null,
  "ServiceBusQueueProperties": null,
  "ServiceBusTopicProperties": null,
  "DocumentDbProperties": null,
  "PowellBIProperties": {
    "RefreshToken": null,
    "TokenUserPrincipalName": "kamil.slomka@elitmind.com",
    "TokenUserDisplayName": "Kamil Słomka",
    "Dataset": "Azure-SA-ML",
    "Table": "ScoreResult",
    "GroupId": "e0c928ec-e7f0-461b-a21b-627eb7c5b578",
    "GroupName": "StreamAnalytics"
  },
  "AzureDataLakeStoreProperties": null,
  "AzureFunctionProperties": null,
  "DataSourceCredentialDomain": null,
  "Name": "powerbianomalyout",
  "DataSourceType": "Power BI",
  "Serialization": null,
  "ScriptType": "Output"
}